Titulo,Texto
"Renovauto 2025 | Renovauto Alcobendas finaliza su décima sexta edición con 213 vehículos vendidos y una facturación que supera los 4,6 millones de euros","Durante los cinco días que ha durado la feria se han vendido un total de 213 vehículos, lo que supone un 61 % de los coches en exposición.Más de un 35 % de los vehículos vendidos se ha financiado y el precio medio de venta ha sido de 22 007 euros.

Renovauto, la Feria del Vehículo de Ocasión de Alcobendas, ha clausurado su décima sexta edición con satisfacción entre los participantes y un volumen de ventas superior en 7 vehículos a la edición anterior. El evento, organizado por la Asociación de Empresarios de Alcobendas - AICA y que cuenta con el apoyo de la Comunidad de Madrid y del Ayuntamiento de Alcobendas, ha generado 4,6 millones de euros de facturación, un millones más que en 2024, y se han vendido un total de 213 vehículos.

Los concesionarios participantes han hecho un balance positivo de esta edición de Renovauto y han puesto de relevancia el entorno de cambios de motorización de vehículos y aumento generalizado de precios en el que se encuentra el sector. Cada stand ha vendido una media de 21 vehículos y, además, en términos generales, Renovauto ha conseguido vender el 61 % de los 350 coches que finalmente han sido expuestos durante la feria.

La información de la feria ha estado disponible a través del portalwww.renovautoalcobendas.com. En él, los visitantes han podido encontrar datos sobre los stands y condiciones especiales o vehículos con ofertas destacadas que podrían encontrarse en el Recinto Ferial de Alcobendas.

Renovauto Alcobendas supone una gran inyección económica para los concesionarios de la zona. Contar con un stand en la Feria del Vehículo de Ocasión es un gran escaparate para darse a conocer entre público no solo de Alcobendas, sino de toda la Comunidad de Madrid. Renovauto está consolidada como una de las ferias más importantes de esta comunidad tras el Salón del Vehículo de Ocasión de IFEMA.

El precio medio de venta en esta edición de Renovauto ha rondado los 22 007 euros y, de todos los coches vendidos, se ha financiado más de un 35 %.

Durante la feria, se han expuesto de forma permanente alrededor de 350 vehículos de 20 de las principales marcas del mercado, para todos los gustos y con todo tipo de motorización: coches familiares, compactos, deportivos, 4x4, etc. Además de poder encontrar información sobre el mítico comercio de bicicletas alcobendense Enbici.

La feria ha contado con la presencia de, entre otros, los concesionarios Kia Retail Madrid, Skoda Aldauto Motor, Volkswagen Aldauto Motor, Toyota Hersamotor, Grupo Cobendai, Ford Romadrid, Dacia y Renault Autofer, Suzuki y MG Asimco Motor, Subaru y KGM Seiza Motor, Grupo Amarauto Citroën y DS, Peugeot Motorcar, Mazda Mogacar, Honda M-Car, Ebro M-Dealer y Omoda y Jaecoo M-Tecnik.

Renovauto, la Feria del Vehículo de Ocasión de Alcobendas, se ha celebrado del 17 al 21 de septiembre en el Recinto Ferial del Parque de Andalucía. Más información:www.renovautoalcobendas.com"
"Las empresas del polígono industrial de Alcobendas se unen para ofrecer más de 25 eventos de arte, cultura y gastronomía en ALCO³","Más de 10 empresas abrirán sus instalaciones para acoger más de 25 propuestas relacionadas con el arte, la cultura y la gastronomía en el polígono industrial de Alcobendas.

Desde las 11 horas estarán abiertos los espacio de ALCO³ con eventos para más de 350 personas que finalizarán con los últimos pases a las 20 horas.

La participación en todos los eventos es gratuita y las entradas están disponibles enwww.alcoalcubo.com.

El polígono industrial de Alcobendas es uno de los más importantes de la Comunidad de Madrid, en cuanto al número de empresas y trabajadores se refiere. Además de las industrias y empresas de todos los sectores, el polígono cuenta con distintos espacios en los que disfrutar del ocio, la gastronomía, la cultura... Ahora, la Asociación de Empresarios de Alcobendas – AICA y más de una decena de empresas presentes en este polígono se han unido al Ayuntamiento de Alcobendas -a través de la delegación de Empresas, Comercio y Empleo- para poner en valor y revitalizar este icónico espacio y mostrar a los vecinos y visitantes de otras ciudades todas las posibilidades que ofrece el polígono industrial de Alcobendas para disfrutar del ocio y de la ciudad.

Esta nueva promoción del polígono industrial de Alcobendas cuenta con el patrocinio también de Lilly y Hundred y la colaboración de Espazio32, BeCasa Alcobendas, Est_Art Space, Oso Brew Co., Livensa Living Studios Alcobendas, Maíz Maya, Calido Alcobendas, Digiespace, Península, La Prensa, Ibis Alcobendas y Varano Producciones.

ALCO³, una jornada con más de 25 actividades

La primera de las iniciativas tendrá lugar el próximo sábado 20 de septiembre. Se trata de ALCO³, un evento que unirá arte, ocio y gastronomía. Durante esta jornada, se han programado más de 25 eventos que combinan el arte, la cocina y las exposiciones con propuestas gastronómicas de diferentes empresas del polígono industrial, agrupadas en tres zonas separadas por unos pocos cientos de metros.

Exposiciones, talleres, visitas guiadas...

A lo largo de la jornada, se podrán visitar exposiciones, asistir a mercadillos o participar en talleres sobre arte o gastronomía. Los aficionados a la cerveza podrán visitar una planta de cerveza artesana (Oso Brew Co.), los amantes del arte visitar las exposiciones de Est_Art Space o las obras de Pop Art de Javier Melús en Espazio32 y los amantes de la imagen, participar en un taller de fotografía experimental en cianotipia o disfrutar de una proyección de cortos.

Además, se ha organizado un evento sobre murales aprovechando el gigantesco que luce Livensa Living Studios Alcobendas y un taller de pintura en cristal en Espazio32.

Los amantes de la buena mesa tendrán la oportunidad de participar en los 7 talleres de cocina que habrá durante la jornada en Maíz Maya y Espazio32. Así, por ejemplo, podrán participar en una masterclass de elaboración de tortillas; en un taller de cocina a cargo de Arzur Chef o aprender los secretos de la olla exprés con Olla Viajera. Y aprender más sobre el vino y el mezcal en las diferentes catas que tendrán lugar en las instalaciones de BeCasa y Calido.

Estas propuestas, por supuesto, se suman a las opciones que ofrecen algunas de las especialidades de los tres de los espacios gastronómicos participantes LaPrensa, Oso Brew Co. y Hundred.

La información y la programación completa puede consultarse en la página web:www.alcoalcubo.com"
Renovauto 2025 | Más de 380 vehículos de 20 marcas automovilísticas estarán disponibles en la feria del vehículo de ocasión,"La edición número 16 de la Feria del Vehículo de Ocasión de Alcobendas se celebrará del 17 al 21 de septiembre en el Recinto Ferial del Parque de Andalucía.Este año, 20 marcas automovilísticas pondrán a la venta más de 380 vehículos. Además, en la página web www.renovautoalcobendas.com se podrá ver toda la información de los participantes.

Renovauto, la Feria del Vehículo de Ocasión de Alcobendas, regresa al Recinto Ferial Parque de Andalucía de Alcobendas y celebra su décima sexta edición con más de 20 marcas automovilísticas presentes y 380 vehículos en exposición. Durante cinco días, entre el 17 y el 21 de septiembre, la Asociación de Empresarios de Alcobendas – AICA organizará este evento. con el apoyo de la Comunidad de Madrid y del Ayuntamiento de Alcobendas.

Laferia estará distribuida en standsen los que se contará con la presencia de, entre otras, las marcas Kia, Omoda, Citroën, Jaecoo, DS, Volkswagen, Subaru, Honda, Toyota, Ebro, Hyundai, Ford, Mazda, MG, Renault, Suzuki, KGM, Peugeot y Dacia. Una gran variedad de vehículos siempre con unaantigüedad inferior a 7 años y con unas condiciones de financiación inigualables. Coches pequeños, SUV, familiares, furgonetas yvehículos híbridos y eléctricoscon precios que comienzan en 13.000 euros y que cuentan congarantía de, como mínimo, 12 meses.

Formarán parte de esta edición una decena de empresas radicadas en Alcobendas: Aldauto, Amarauto, Autofer, Grupo Cobendai, Hersamotor, Kia Retail Madrid, Romadrid, M Tecnik, M Dealer, Mogacar y M-Car.

Una feria al alcance de todos y con ventajas

Como en las ediciones anteriores, Renovauto Alcobendas estará abierta 24 horas a través de su página webwww.renovautoalcobendas.com. En ella, los visitantes podrán encontrar los datos de todos los concesionarios participantes, así como información sobre las condiciones de venta y los vehículos que estarán expuestos.

Las personas que acudan a Renovauto podrán acceder, además, a información sobre la tienda y taller de bicicletas Enbici.

ALCO³ - arte, gastronomía y cultura en el polígono industrial

Las personas que asistan a Renovauto el 20 de septiembre también podrán formar parte de un innovador evento de promoción de la oferta de arte, cultura y gastronomía del polígono industrial de Alcobendas bajo el nombreALCO³.Antes o después de su visita a la feria, los asistentes podrán formar parte de los 25 eventos que proponen más de 10 empresas y entre los que destacan talleres de cocina o de pintura, visitas guiadas a exposiciones, catas de vinos o mezcal, etc. Toda la información estará disponible enwww.alcoalcubo.com

Apostando por las empresas

La Feria del Vehículo de Ocasión de Alcobendas es la gran apuesta de AICA y el Ayuntamiento para dar una mayor proyección al sector automovilístico de la ciudad, uno de los más consolidados y potentes de Alcobendas.

En 2024, la Feria del Vehículo de Ocasión de Alcobendas recibió a más de 6.500 visitantes llegados de toda la Comunidad de Madrid y su balance final fue de 206 vehículos vendidos, el 62 % de los coches en exposición, con un volumen de ventas que ascendió a más de 3,8 millones de euros, consolidándose como uno de los eventos feriales automovilísticos más importantes de la región.

Renovauto Alcobendas se celebrará del 17 al 21 de septiembre en el Recinto Ferial del Parque de Andalucía en horario de 11:00 a 21:00 horas. Más información:www.renovautoalcobendas.com"
Más de 380 vehículos de 20 marcas automovilísticas estarán disponibles en Renovauto 2025,"La edición número 16 de la Feria del Vehículo de Ocasión de Alcobendas se celebrará del 17 al 21 de septiembre en el Recinto Ferial del Parque de Andalucía.Este año, 20 marcas automovilísticas pondrán a la venta más de 380 vehículos. Además, en la página web www.renovautoalcobendas.com se podrá ver toda la información de los participantes.

Renovauto, la Feria del Vehículo de Ocasión de Alcobendas, regresa al Recinto Ferial Parque de Andalucía de Alcobendas y celebra su décima sexta edición con más de 20 marcas automovilísticas presentes y 380 vehículos en exposición. Durante cinco días, entre el 17 y el 21 de septiembre, la Asociación de Empresarios de Alcobendas – AICA organizará este evento, con el apoyo de la Comunidad de Madrid y del Ayuntamiento de Alcobendas.

Laferia estará distribuida en standsen los que se contará con la presencia de, entre otras, las marcas Kia, Omoda, Citroën, Jaecoo, DS, Volkswagen, Subaru, Honda, Toyota, Ebro, Hyundai, Ford, Mazda, MG, Renault, Suzuki, KGM, Peugeot y Dacia. Una gran variedad de vehículos siempre con unaantigüedad inferior a 7 años y con unas condiciones de financiación inigualables. Coches pequeños, SUV, familiares, furgonetas yvehículos híbridos y eléctricoscon precios que comienzan en 13.000 euros y que cuentan congarantía de, como mínimo, 12 meses.

Formarán parte de esta edición una decena de empresas radicadas en Alcobendas: Aldauto, Amarauto, Autofer, Grupo Cobendai, Hersamotor, Kia Retail Madrid, Romadrid, M Tecnik, M Dealer, Mogacar y M-Car.

Una feria al alcance de todos y con ventajas

Como en las ediciones anteriores, Renovauto Alcobendas estará abierta 24 horas a través de su página webwww.renovautoalcobendas.com. En ella, los visitantes podrán encontrar los datos de todos los concesionarios participantes, así como información sobre las condiciones de venta y los vehículos que estarán expuestos.

Las personas que acudan a Renovauto podrán acceder, además, a información sobre la tienda y taller de bicicletas Enbici y sobre la empresa de cargadores eléctricos Emovili.

ALCO³ - arte, gastronomía y cultura en el polígono industrial

Las personas que asistan a Renovauto el 20 de septiembre también podrán formar parte de un innovador evento de promoción de la oferta de arte, cultura y gastronomía del polígono industrial de Alcobendas bajo el nombreALCO³.Antes o después de su visita a la feria, los asistentes podrán formar parte de los 25 eventos que proponen más de 10 empresas y entre los que destacan talleres de cocina o de pintura, visitas guiadas a exposiciones, catas de vinos o mezcal, etc. Toda la información estará disponible enwww.alcoalcubo.com

Apostando por las empresas

La Feria del Vehículo de Ocasión de Alcobendas es la gran apuesta de AICA y el Ayuntamiento para dar una mayor proyección al sector automovilístico de la ciudad, uno de los más consolidados y potentes de Alcobendas.

En 2024, la Feria del Vehículo de Ocasión de Alcobendas recibió a más de 6.500 visitantes llegados de toda la Comunidad de Madrid y su balance final fue de 206 vehículos vendidos, el 62 % de los coches en exposición, con un volumen de ventas que ascendió a más de 3,8 millones de euros, consolidándose como uno de los eventos feriales automovilísticos más importantes de la región.

Renovauto Alcobendas se celebrará del 17 al 21 de septiembre en el Recinto Ferial del Parque de Andalucía en horario de 11:00 a 21:00 horas. Más información:www.renovautoalcobendas.com"
El comercio de Alcobendas entrega 30 jamones para premiar la fidelidad de sus clientes antes de las fiestas navideñas,"La campaña ‘Yo para ser feliz quiero un jamón’ llega a su décima cuarta edición como una de las iniciativas comerciales más esperadas y consolidadas de Alcobendas.La iniciativa, organizada por AICA, cuenta con la colaboración del Ayuntamiento de Alcobendas y de Banco Sabadell y busca potenciar las ventas y la fidelización de los clientes del comercio local.

Ya han pasado 14 años desde que los comerciantes y hosteleros de Alcobendas decidieran premiar la fidelidad de sus clientes regalando una treintena de jamones. La campañaYo para ser feliz quiero un jamónha vuelto a alegrar a los clientes del comercio y la hostelería con una participación récord y con 30 ganadores que afrontan con ilusión la entrega de sus premios.

Más de 80 comercios y establecimientos de hostelería han recompensado la fidelidad de sus clientes en esta iniciativa celebrada entre el 8 de noviembre y el 8 de diciembre. Una campaña con gran representatividad en Alcobendas que parte de la Asociación de Empresarios de Alcobendas – AICA y que cuenta con la colaboración del Ayuntamiento de Alcobendas y de Banco Sabadell.

Entre los premiados, extraídos de entre más de 30 mil papeletas, ha reinado la incredulidad y la felicidad al llegar al acto de entrega que se ha celebrado en la sede de AICA. Algunos habían participado en todas las ediciones y, hasta hoy, no habían sido premiados. Los comerciantes han podido ser partícipes de este acto y entregar personalmente el premio a sus clientes, muchos de ellos habituales en sus tiendas.

Durante la entrega de premios han estado presentes la alcaldesa de Alcobendas, Rocío García; Marta Nieto, Directora General de Comercio, Consumo y Servicios de la Comunidad de Madrid; Javier Beitia, presidente de AICA; Mar Rodríguez, concejal de Comercio, Fomento del Empleo, Consumo y Licencias del Ayuntamiento de Alcobendas; José Ignacio Medina, Director Regional Madrid Norte de Banco Sabadell; Rubén Rubio, Director de la oficina de Banco Sabadell en Alcobendas; y José Antonio García, presidente de la Comisión de Comercio de AICA.

El objetivo principal de la campañaYo para ser feliz quiero un jamónha sido ayudar a los comerciantes a atraer clientes a sus negocios y premiar la confianza y fidelidad de los consumidores de una forma atractiva y original.

Para participar en el sorteo de los 30 jamones, los clientes rellenaban una papeleta con sus datos en el momento de realizar la compra y la introducían en la urna habilitada en los locales comerciales y de hostelería adheridos a la campaña. El día 12 de diciembre se realizó un sorteo por streaming a través de la cuenta de YouTube de AICA del que se extrajeron los 30 agraciados.

Desde la primera edición de la campaña en 2011, AICA he repartido 520 jamones entre los clientes del comercio de Alcobendas y ha contabilizado más de 426.000 papeletas."
Más de 200 personas y 130 empresas impulsan la movilidad sostenible desde Alcobendas en el ‘Green Mobility Summit’,"Mostrar y compartir los avances en movilidad sostenible es el principal objetivo del ‘Green Mobility Summit 2023’, congreso celebrado ayer en el Auditorio Paco de Lucía de Alcobendas, que ha reunido a más de 200 personas, representantes de 130 empresas, startups y administraciones públicas.Durante el congreso, organizado por el Ayuntamiento de Alcobendas a través de la oficina de promoción comercial Alcobendas Hub, que depende de la Fundación Ciudad de Alcobendas, y con la colaboración de la Asociación de Empresarios de Alcobendas, AICA y APP Mobility, se ha hablado del futuro de la movilidad, proyectos innovadores, movilidad sostenible y el reto de la movilidad y las administraciones públicasEntre las empresas participantes han estado KIA Iberia, Renfe, Toyota España, Grupo Mobius, Galp, Astara , Emovili y Dekra España y, entre las administraciones públicas, además del Ayuntamiento de Alcobendas, la Comunidad de Madrid y el Ayuntamiento de Madrid.La alcaldesa de Alcobendas, Rocío García Alcántara, ha anunciado tres compromisos de su gobierno municipal. “Antes de que finalice 2024, estará operativa la zona de bajas emisiones en el casco antiguo de la ciudad de Alcobendas; antes de que finalice 2027 habrá un gran bosque forestal de 185.000 metros cuadrados en la zona norte de Fuentelucha que conectará el Monte de Valdelatas y la Dehesa Boyal y antes de que finalice mi mandato de 4 años como alcaldesa queremos que quede implantado el expediente digital y toda la administración electrónica que permitiría ahorrar toneladas ingentes de folios y papel”.Rocío García ha insistido también en la necesidad de la colaboración público-privada “para construir juntos la movilidad del futuro. “

Antes de finalizar el congreso se han entregado, por segundo año consecutivo, los ‘Premios Alcobendas Huella Cero’ que premian las mejores prácticas en nuestra ciudad para reducir las emisiones e impulsar acciones que desarrollen una cultura de descarbonización y surgieron dentro de la iniciativa Alcobendas Huella Cero con la que nuestra ciudad quiere contribuir al desafío contra el cambio climático y de la que ya forman parte diversas empresas, entidades y centros educativos de la ciudad.Drivalia, empresa de servicios de movilidad, ha sido premiada en la categoría de ‘Movilidad Sostenible’; el Colegio Brains International School ha recibido el galardón en la categoría de ‘Energías Renovables’; la empresa Cardiva, dedicada a la comercialización y distribución de dispositivos médicos, ha ganado en la categoría ‘Campañas de Sensibilización’ y el premio al mejor ‘Proyecto de Compensación’ ha sido para Kilómetros Sin Huella, proyecto del joven alcobendense y piloto de carreras, Alejandro Geppert."
El Instituto Regional de Seguridad y Salud en el Trabajo organiza en Alcobendas el IV Encuentro Empresarial de Prevención de Riesgos Laborales,"El encuentro ha tenido lugar el 28 de mayo en Leroy Merlin y ha contado con la colaboración de la Asociación de Empresarios de Alcobendas – AICA.El acto ha abordado, entre otros asuntos, la seguridad vial en la nueva movilidad, la innovación en prevención y las enfermedades profesionales no traumáticas como ictus, estrés o ansiedad.

El Instituto Regional de Seguridad y Salud en el Trabajo de la Comunidad de Madrid (IRSST) ha celebrado, con la colaboración de la Asociación de Empresarios de Alcobendas – AICA, el IV Encuentro Empresarial de Prevención de Riesgos Laborales. Han formado parte del acto casi un centenar de asistentes, tanto online como presencialmente, y ha tenido lugar en la sede de Leroy Merlin.El acto ha contado con la presencia, entre otros, de la gerente del IRSST, Marina Parra; la secretaria general del mismo organismo, Martha Pulido; y el secretario general de AICA, Luis Suárez de Lezo.Tras la inauguración, la primera de las mesas del encuentro ha explorado la innovación en la nueva movilidad desde la perspectiva de la seguridad vial. En el debate han participado Daniel Fernández, director de Marketing y Ventas de DEKRA España; Francisco Javier Llamazares, presidente de Fesvial; Jesús Monclús, director del área de Prevención y Seguridad Vial de Fundación MAPFRE; y Fernando Cisneros, Head of Claims de Ayvens. Los cuatro intervinientes han realizado un repaso por los sistemas de ayuda a la conducción y el airbag para motoristas que se pueden encontrar actualmente, el uso de los nuevos medios de transporte personal y han avanzado una reflexión sobre el futuro de la movilidad y su relación con el posible descenso de la siniestralidad.Después de su intervención, cinco compañías han explicado distintas innovaciones y buenas prácticas en prevención de riesgos laborales que ya forman parte de la vida de sus empresas: Emilio Ruiz-Roso, director de gestión de RR.HH. de Leroy Merlin, ha explicado las acciones que llevan a cabo dentro de la empresa para fomentar la cultura preventiva; Tomás Jiménez, director general de Previntegra, ha profundizado en el Integrity Channel o canal de escucha al empleado creado por su empresa; y Norberto Afonso, coordinador territorial de prevención de Asepeyo, ha hablado acerca de la Ruta 151 y la innovación tecnológica al servicio de la seguridad y salud.Uno de los temas más tratados ha sido en este apartado la Inteligencia Artificial. En este sentido, Germán Román, director nacional de servicios médicos de Vitaly, ha tratado los nuevos desafíos de la PRL aplicando la IA: ecosistema de salud digital; y, por último, Alejandro Ramos, responsable de Producto y Desarrollo de Negocio LATAM de Quirónprevención, ha comentado diversos aspectos sobre la IA aplicada a la prevención.Por último, el encuentro ha contado con una mesa de expertos sobre la prevención de enfermedades profesionales no traumáticas. A este respecto, Miriam Serrano, CEO de Previntegra, ha moderado el debate, en el que Julio Agredano, presidente y fundador de la Fundación Freno al Ictus, y Susana Muñoz, asesora empresarial Ynfinit, han  tratado diferentes aspectos referidos al ictus y al impacto del estrés o la ansiedad en los trabajadores y directivos.El cierre del acto ha contado con la intervención de la secretaria general del IRSST, Martha Pulido, quien ha explicado las líneas de actuación del instituto para 2024 y ha reafirmado el compromiso de la institución con el tejido empresarial de la Comunidad de Madrid y su interés en colaborar con las empresas para lograr la reducción de la siniestralidad."
GarantiPLUS y Ges Seguros ofrecen la máxima cobertura en pólizas de garantías mecánicas a los asociados de AICA,"Juntos han creado el seguro de garantía PREMIUM AICA con la máxima cobertura y a un precio inmejorable. Además, planean colaborar en la próxima edición de Renovauto, la feria del vehículo de ocasión organizada cada año con los concesionarios de la zona Norte de Madrid y el Ayuntamiento de Alcobendas.El seguro de garantía PREMIUM AICA, concebido por GarantiPLUS como agente exclusivo de Ges Seguros para la Asociación de Empresarios de Alcobendas, no solo busca promover la importancia y el conocimiento de las garantías mecánicas, sino que también asegura a las más de 900 empresas asociadas en AICA y a sus 60.000 empleados, acceso a la máxima cobertura mecánica, a un precio altamente competitivo.Así se ha confirmado esta mañana en la sede de la asociación en una reunión en la que han participado Felipe Díaz, director de Proyectos y Servicios y Sandra Sánchez, responsable de comunicación de AICA; Luis Miguel Barahona, director de Corredurías de Ges Seguros; y José Luis Alonso y Teresa Alonso-Majagranzas, director general y directora de comunicación, respectivamente, de GarantiPLUS.Además del seguro PREMIUM AICA, GarantiPLUS y Ges Seguros tienen como objetivo informar y promover entre los concesionarios y compraventas de la zona norte de Madrid los nuevos productos de seguros de garantías, diseñados específicamente para satisfacer sus necesidades. Entre ellos, se incluyen el seguro flotante, el seguro de desistimiento y el pack seguridad, que cubre una variedad de imprevistos como errores de combustible, pérdida de llaves, navegador o neumáticos.Para contratar estas garantías, GarantiPLUS ofrece la plataforma ÁGIL, una intranet digital diseñada para clientes profesionales disponible los siete días de la semana. Los particulares pueden acceder a un trato personalizado en garantiplus.es, mencionando su condición de asociado de AICA.El acuerdo también incluye la colaboración en la próxima edición de Renovauto, la reconocida feria del vehículo de ocasión en el norte de Madrid.

Se ha decidido un precio de 150 euros (impuestos incluidos); sin límite de años ni kilómetros; hasta 350 caballos; con límite por avería desde 2.500€ hasta un máximo de 6.000 € durante la vigencia anual del contrato y con respaldo asegurador de Ges seguros."
